userName,content,score,thumbsUpCount,at,sentiment_label
?? “???” ?,시져시져,1,0,2023-11-01 23:06:18,0
아기장갑,최종단계에서 결제완료가 왜 안되요,1,0,2023-07-03 18:23:32,0
이성열,사용내역,1,0,2024-02-04 19:15:39,0
raphael,와이파이로 연결시 연결오류가 발생합니다. 여자친구 폰도 동일한 증상입니다 LTE로는 접근가능합니다,1,0,2023-07-04 21:12:18,0
연수이,해외에서는 실행이 안되나요? 해외출장중이라 지원금 신청하려면 카드발급 받아야하는데 어플자체가 [네트워크연결이 안되어있거나 앱이용이 차단된 환경일수 있습니다.] 보안 오류만뜨고 실행이안됩니다.,1,0,2023-03-23 15:02:44,0
임포스터,진짜 별로임,1,0,2024-02-13 17:53:21,0
느와르,짜증 나서 못써먹겠음... 결제 되던 곳도 결제 안된다고 하는곳이 점점 늘어남... 충전 금액만 사용하고 카드 자를 예정임.,1,1,2022-11-07 10:54:49,0
행복 가득원원남매 소소한 일상,설치가 안됩니다. 폰용량이 넘치는데..ㅜㅜ,1,0,2023-02-06 19:12:01,0
L드래곤,"안전한 전자금융거래를 위해 기기에 설치된 앱 정보 수집, 주의가 필요한 앱 설치여부를 확인.. 설치된 모든 앱 접근 권한 동의해야 쓸 수 있는 쓰레기, 스미싱 어플. 벌레들 하는짓이 뻔하지... 통로를 한곳으로 강제해서 다 털어먹기. 안전한 전자금융거래 개 같은 소리하도 자빠졌네..",1,1,2023-08-30 00:38:57,0
노댕,.UI 바뀐 앱 이후에 지역화폐 가능매장 검색이 안되요..,1,0,2024-04-19 17:51:21,0
임포스터,진짜 별로임,1,0,2024-02-13 17:53:21,0
우치하마다라,겁나 사람 귀찮게 하네 동영상 보고 끝네야지 뭐또 하라는건데 사람 짜증나게 ㅡㅡ,1,0,2023-06-13 16:29:58,0
이재선,접속이 안되는데 머 어쩔?,1,0,2023-02-24 12:30:39,0
김인규,앱업뎃하고나서 도대체왜 푸루같은 쓰레기기능을 내지갑버튼이랑 겹치게해서 들어갈때마다 쓰잘데기1도없는 푸루를 계속봐야하죠? 저거위치좀옮겨요,1,1,2022-10-15 08:58:46,0
장현진,아니 서비스 점검하면 언제까지한다고 공지를해야지 점검만 띨렁 사진올리면 어쩌자는겁니까,1,0,2023-11-22 11:41:16,0
부자일기vlog,오늘 계속 접속이 안되고 먹통인데 왜 이러는건지요???,1,0,2023-02-24 12:26:13,0
양승식,ㅂ윽 ㅣ,1,0,2024-05-24 07:39:17,0
박기운,"일주일간 회원가입을 하려고했으나 시스템오류가 생겨서 가입을 하지 못했습니다. 지원을 받고 적용하려면 이 어플리케이션을 통해서 회원가입을 하고 등록을 하라는데, 가입이 안되는 이 상황은 지원을 받으라는 건지 허물만 있는 건지 모르겠습니다.",1,4,2024-01-02 17:47:36,0
글쎄아무닉네임,쓸수있는 곳도 한정적이고 이딴 걸 왜 등록했나 후회중이다 그냥 버려라,1,1,2022-11-22 18:45:16,0
아기장갑,최종단계에서 결제완료가 왜 안되요,1,0,2023-07-03 18:23:32,0
의정부,경기도에선 고종광무태황제의 개혁으로 인하여 양에서 원으로 화폐가 바뀌었다. 그러나 이 앱은 순종융희효황제의 뜻을 잇지 못한 것 같다. 대한제국의 명예를 수호하라.,1,0,2023-10-26 20:33:01,0
BRIL,데이터 및 캐시 삭제해도 업데이트가 안돼요 삭제후 재설치도 안됩니다. 돈 묶이니까 불쾌하네요,1,0,2024-05-30 07:31:29,0
최병희,지역화폐앱깔고 9월부터 계속 결재안되서 못하고 불편하다,1,0,2023-11-05 08:25:16,0
MS Lee,오류심함,1,0,2024-07-30 08:33:50,0
쭈밍이,고양페이 안되는곳 되는곳 정확히 해주세요 가맹점 찾기 해서 된다고 써있어 가서 고양페이 내밀 었더니 안된다고 하네요 수정 부탁합니다,1,0,2023-05-09 18:07:54,0
김한민,"송산그린시티 서측지구 1단계는 2030년 ~ 2033년, 2단계는 2033년 ~ 2036년, 3단계는 2036년 ~ 2039년에 입주 예정이다.",1,0,2023-09-03 13:39:54,0
jinnie,24일 업데이트후부터 캐시삭제해도 업데이트안됨,1,1,2024-05-30 15:09:18,0
서유라,제가 이미 3년전인가 이 앱에서 전에 비판한 적이 있는데 문제를 고칠 생각이 전혀 보이지 않습니다. 폰을 변경해서 재로그인을 해야하는데 로그인 버튼을 누르면 사람 이름을 입력하라고 하는 게 맞습니까? 전의 폰의 이메일이나 핸드폰번호로 로그인할 수 있게 칸을 만들어야죠. 이런 기본적인 것도 못하는게 앱 출시를 하나요? 이름 입력하고 폰 인증을 4번 정도나 했음에도 이미 계정이 있어 그걸로 로그인하려는데 새로 가입하라는 칸이 나오고 그냥 이딴식으로 일할거면 제발 때려치세요.,1,4,2024-03-27 16:43:08,0
예롱이,앱을 실행시키는데 바로 꺼져버립니다. ㅠㅠㅠ 앱이 종료되며 경기지역화폐 앱에 버그가 있어 앱을 종료했습니다. 개발자가 오류 수정본을 제공하면 앱을 업데이트하라는 메시지가 뜹니다.,1,0,2023-08-13 13:52:34,0
최병희,지역화폐앱깔고 9월부터 계속 결재안되서 못하고 불편하다,1,0,2023-11-05 08:25:16,0
김영수,복잡혀,1,0,2023-08-01 19:09:19,0
남홍장선,회원가입을 하려고 하는데 인증문자가 안 옵니다. 스팸문자로 번호가 등록이 안 되어 있는데도 문자가 안 와요.,1,0,2023-06-29 18:52:36,0
WK P,머지 이바보는? 새로운기능 칸엔 새로 짱박은 광고나 꼼수를 알려줘야지.. 뭘 업데이트했는지 알려줘야할꺼 아닌가?!! 담당자는 붙잡고 반성좀 하쟈 안쪽팔리나?? 뭔지도 모르면서 또 반영한다는 입발린 단어로 대응하는척 하시긋지머..;;,1,0,2023-09-02 10:31:58,0
Body Health Design,사용내역 구버전에서는 옆으로 슬라이드 해서 삭제할수있었는데 그 기능이 사라졌어요 기능 추가해주세요!,1,0,2024-02-09 01:25:02,0
김한민,"송산그린시티 서측지구 1단계는 2030년 ~ 2033년, 2단계는 2033년 ~ 2036년, 3단계는 2036년 ~ 2039년에 입주 예정이다.",1,0,2023-09-03 13:39:54,0
친중반민족무리이씨조선(친중반민족자문죄인),대기업을 적대시하는 좌빨화폐입니다,1,1,2023-09-10 03:56:51,0
김우중,푸루좀 없애요 제발 나만그런게 아니라 한달전부터 이미 사람들 문의중이었네 개선한다 매크로 답변만 하지말고 제대로 해결책좀요,1,1,2022-09-25 20:10:33,0
잉여잉,"며칠전에 새로 설치했을때는 잘 됐는데 얼마전에 어플 업데이트 후에 오늘 사용하려고 들어가니까 어플이 안열리네요. 로딩되는 게이지가 안올라가요. 캐시, 데이터 삭제 다 해도 안되구요. 덕분에 배달 결제 못했네요.",1,4,2023-08-13 11:03:21,0
ttlyppqwert Gotxct,이거 난로 싸게 이걸로 산 다음 카드잔액 표시도 남이 헤벼간거처럼 안보이고 돈도 빼돌린 저질앱,1,0,2023-07-27 10:59:06,0
Laby라비,"""걸음 수를 측정 중입니다."" 라고 뜨는 데 설정에서 끄는 법을 아무리 찾으려 해도 없고 챗봇은 엉성하네요. 대체 어떻게 끄나요??",1,0,2024-01-30 08:59:50,0
WK P,머지 이바보는? 새로운기능 칸엔 새로 짱박은 광고나 꼼수를 알려줘야지.. 뭘 업데이트했는지 알려줘야할꺼 아닌가?!! 담당자는 붙잡고 반성좀 하쟈 안쪽팔리나?? 뭔지도 모르면서 또 반영한다는 입발린 단어로 대응하는척 하시긋지머..;;,1,0,2023-09-02 10:31:58,0
최정우,"연결오류... 지난주까지 잘 사용했던거 같은데, 어제부터 연결오류로 접속이 안됨. 몇번을 다시 깔아도 똑같네요. 해외에서 체류중이고, 와이프가 사용하고 있는데,접속이 안되니 충전할 방법도 없고, 홈페이지에서 오류에 대한 해결 방안이 있어야 하는거 아닌가요?",1,79,2023-06-01 13:02:59,0
다람쥐헌 쳇바퀴에 타고파,웹에서는 기능 지원 안하고 앱 설치하게 만드는 이유가 뭔가요?? 이런 사소한 부분에서까지 불쾌하게 만들어주는게 감동이네요,1,0,2023-04-24 19:50:20,0
신지수,왜 회원가입하려고만 하면 시스템오류가 뜨죠,1,0,2024-01-04 10:50:43,0
꼬깔콘,가맹점이 너무 적어졌네요. 혜택 포인트도 너무 적어서 활용도가 없습니다,1,1,2024-06-03 15:18:09,0
김인규,앱업뎃하고나서 도대체왜 푸루같은 쓰레기기능을 내지갑버튼이랑 겹치게해서 들어갈때마다 쓰잘데기1도없는 푸루를 계속봐야하죠? 저거위치좀옮겨요,1,1,2022-10-15 08:58:46,0
yuseung sim,쓸모 없는 선택 강요.,1,0,2024-05-21 13:09:28,0
김대영,별하나도 아깝네요... 10만원 충전했는데 시스템오류 떠서 돈은 출금되고 충전은 안되네요....,1,0,2023-03-03 19:46:12,0
이동현,우편함 이든 집으로 배송 이 안됐는데 배송완료??? 뭐하는짓 이지,1,1,2022-12-21 09:51:36,0
raphael,와이파이로 연결시 연결오류가 발생합니다. 여자친구 폰도 동일한 증상입니다 LTE로는 접근가능합니다,1,0,2023-07-04 21:12:18,0
우치하마다라,겁나 사람 귀찮게 하네 동영상 보고 끝네야지 뭐또 하라는건데 사람 짜증나게 ㅡㅡ,1,0,2023-06-13 16:29:58,0
연수이,해외에서는 실행이 안되나요? 해외출장중이라 지원금 신청하려면 카드발급 받아야하는데 어플자체가 [네트워크연결이 안되어있거나 앱이용이 차단된 환경일수 있습니다.] 보안 오류만뜨고 실행이안됩니다.,1,0,2023-03-23 15:02:44,0
의정부,경기도에선 고종광무태황제의 개혁으로 인하여 양에서 원으로 화폐가 바뀌었다. 그러나 이 앱은 순종융희효황제의 뜻을 잇지 못한 것 같다. 대한제국의 명예를 수호하라.,1,0,2023-10-26 20:33:01,0
정옥,지역설정에 성남시는 왜 없나요?,1,0,2024-07-08 23:52:53,0
ttlyppqwert Gotxct,이거 난로 싸게 이걸로 산 다음 카드잔액 표시도 남이 헤벼간거처럼 안보이고 돈도 빼돌린 저질앱,1,0,2023-07-27 10:59:06,0
Ashuley Ban,앱상에 휴면계정 접속 오류가 있어 수정 중인 것으로 고객센터에서 안내를 받았는데요. 오늘 중으로 수정 예정으로 전달 받았는데 아직 안되네요. 휴면상태에 대해서 지역화폐 고객센터(1899-7997) 상담원 연결을 통해 해결이 가능합니다. 라고 안내하는데 정작 힘들게 상담원 연결이 되어도 현재는 해결할 수 없다고 안내되고 있습니다. 앱시스템 상에 휴면계정 처리 오류가 있다면 고객센터에서 수동으로 해제할 수 있게 처리가 되어야 하는게 아닌가요? 고객센터로 안내를 계속 하는데 고객센터 전화 연결이 얼마나 힘든지 해본 사람들은 모두 공감할거에요. 빨리 해결해주세요!,1,0,2024-04-02 18:13:24,0
유밍,시흥시는 왜없어요 ㅡㅡ,1,0,2024-01-31 20:09:35,0
이상미,처음 가입하려고 인증하래서 했더니 휴면계정이라며 다른사람 이메일이 뜨며 휴면해제하라고하네요! 완전 찝찝...어떻게 이런일이...,1,0,2023-01-31 23:24:36,0
최병희,지역화폐앱깔고 9월부터 계속 결재안되서 못하고 불편하다,1,0,2023-11-05 08:25:16,0
호정권,리치밸리 1층,2,0,2024-05-10 16:00:21,0
포토그라피,어제 오늘 앱은 왜 열리지 않는거죠?,2,0,2023-05-26 21:25:28,0
jolang mal,아니 마트 이런데는 그렇다쳐도 시장은 다 받아야 정상 아닌가요. 프랜차이즈말고 지역상권 살리려는 취지인데 갈수록 시장에서도 나몰라라 안받는곳이 늘어나니 이게 무슨...,2,0,2024-05-24 00:45:07,0
이강현,적어도 국가가 관여 된 앱에서는 '접근성'이라는 게 고려 되어야하지 않을까요? 건의를 했는데도 반영이 없는 걸 보면 참 답답합니다. 저는 시각장애인인데요. 버튼들에 '라벨'이 없어 접근할 수 없는 메뉴도 많거니와 실지로 어떤 버튼인지 확인할 수 없는 경우가 많군요. 보신다면 개선 부탁드립니다.,2,606,2023-08-09 12:53:20,0
yoonsu kim,지금 거의 3주 넘게 접속이 안되고 있는데요. 어플에서 네트워크접속환경이 아니라고만 뜨고. 지웠다 다시 설치해도 내용은 같습니다. 고객센터에 연락했지만 5분정도 기다려야 한다는 응답만 나오고 계속 상담사연결이 안되네요 ㅜㅜ 잘되다가 갑자기 왜 이런건지 너무 답답합니다. 진짜 상담사가 있긴 한건가요? 예상대기 시간이 3분이라 했으면서 연결대기만 10분 넘게 시키고 이렇게 운영할거면 다른 방법을 찾아야 하지 않나요?? 한 달째 먹통인 어플을 가지고 대책 공지사항도 없고 이메일 답변도 없고 고객센터로 전화달라고 하고 응답도 안하고... 바쁜시간 뭐하자는 겁니까?,2,2,2023-06-16 13:45:37,0
최영주,앱이 초기 로딩상태 페이지에서 더이상 실행되지 않습니다.,2,0,2023-02-28 21:03:38,0
윤수환,ㆍ ㄷㄴㄷㅈㆍㅈㅅㅈㅅㅊㅎㅈ5ㅅㄴ스즈ㅡㅡ트ㅡㄷㆍ ㅡㅡㅡ츠,2,0,2023-08-27 16:11:41,0
yoonsu kim,지금 거의 3주 넘게 접속이 안되고 있는데요. 어플에서 네트워크접속환경이 아니라고만 뜨고. 지웠다 다시 설치해도 내용은 같습니다. 고객센터에 연락했지만 5분정도 기다려야 한다는 응답만 나오고 계속 상담사연결이 안되네요 ㅜㅜ 잘되다가 갑자기 왜 이런건지 너무 답답합니다. 진짜 상담사가 있긴 한건가요? 예상대기 시간이 3분이라 했으면서 연결대기만 10분 넘게 시키고 이렇게 운영할거면 다른 방법을 찾아야 하지 않나요?? 한 달째 먹통인 어플을 가지고 대책 공지사항도 없고 이메일 답변도 없고 고객센터로 전화달라고 하고 응답도 안하고... 바쁜시간 뭐하자는 겁니까?,2,2,2023-06-16 13:45:37,0
EatingPleaure,자동충전에서 결제금액 5만원 이하시 무조건 5만원 기준인게 바꼈으면 좋겠어요. 만원 충전되어있는데 12000원 결제시 1만원 충전되면 좀 좋아..,2,0,2024-01-27 13:15:10,0
포토그라피,어제 오늘 앱은 왜 열리지 않는거죠?,2,0,2023-05-26 21:25:28,0
jinA Jung,어플 안들어가져요,2,0,2023-04-20 09:50:12,0
EatingPleaure,자동충전에서 결제금액 5만원 이하시 무조건 5만원 기준인게 바꼈으면 좋겠어요. 만원 충전되어있는데 12000원 결제시 1만원 충전되면 좀 좋아..,2,0,2024-01-27 13:15:10,0
호정권,리치밸리 1층,2,0,2024-05-10 16:00:21,0
중훈(사시미 쩜),이거근데 구버전이 난거 같은데요. 요전은 보안 이데는건가요 궁금하네요,2,0,2024-01-31 08:51:36,0
김재규,45tt듀322-ㅡㅜㄴ7 6,2,0,2024-06-23 20:22:39,0
최경래,",ㅡ,,,ㄹ아나오늘학교잘못,,.,ㆍ,,ㄹ아,,ㄹ아나,,,ㄹ아나오늘학교, ㄹ아나,,,,,,,",2,0,2023-11-06 08:50:05,0
박준석,ㅡㅡㅡㅡ즏ㅌ,2,0,2024-04-16 10:10:06,0
이강현,적어도 국가가 관여 된 앱에서는 '접근성'이라는 게 고려 되어야하지 않을까요? 건의를 했는데도 반영이 없는 걸 보면 참 답답합니다. 저는 시각장애인인데요. 버튼들에 '라벨'이 없어 접근할 수 없는 메뉴도 많거니와 실지로 어떤 버튼인지 확인할 수 없는 경우가 많군요. 보신다면 개선 부탁드립니다.,2,606,2023-08-09 12:53:20,0
OOO오빠야,어처구니 없네 폐업된 가게가 많은데 홈페이지에서 댓글도 못달고 좋아요 표시만 누르라는건 뭐여,3,2,2024-04-30 10:55:03,0
권계순,좋아요,3,0,2023-07-27 07:43:22,0
tk k,잘사용하고있긴한데 점점 쓸수있는곳이 줄어들어요 대형병원에서 안되고 마트도 좀 큰지역마트는 사용못하고 이번에는 동네중국집에서도 사용이 안된다고합니다,3,2,2024-05-05 23:45:20,0
정영철,페이 기능 좀 추가해주세요. 실물카드 들고다니기 귀찮아요!!,3,0,2023-11-09 18:37:24,0
dempsie joe,계좌연결이 안됩니다. 고객확인정보등록-자택주소 입력하려는데 검색창에서 버퍼링 걸리다 자꾸 멈추네요,3,0,2023-08-16 10:31:52,0
김태근,까꿍 월곶p,3,0,2022-11-25 16:31:08,0
suchul chung,07050066ㅡ0◇₩ 듣 B ㅇ ㅣㅇ ㄱㅇ00 0 s q exh ㅣㅣㅣㅣㅣ0100 01 10 10 50 5,3,0,2023-05-11 16:40:16,0
안광조,카드손상이많음,3,0,2024-01-25 16:28:16,0
dempsie joe,계좌연결이 안됩니다. 고객확인정보등록-자택주소 입력하려는데 검색창에서 버퍼링 걸리다 자꾸 멈추네요,3,0,2023-08-16 10:31:52,0
Hee Yeon Cho,업데이트하니까 가맹점 검색에 가게들이 안떠요,3,0,2024-02-04 13:07:47,0
권계순,좋아요,3,0,2023-07-27 07:43:22,0
J Lee,제발 푸루 챗봇 좀 치워주세요. 열때마다 불편. 보통 내지갑 보러 들어가는데 매번 방해됩니다.,3,1,2022-10-14 15:15:59,0
Blank Blank,전엔 안그랬는데 갑자기 와이파이로는 앱 실행(연결)이 안됩니다 데이터 켜야만 됩니다,3,0,2023-06-30 14:04:09,0
Hee Yeon Cho,업데이트하니까 가맹점 검색에 가게들이 안떠요,3,0,2024-02-04 13:07:47,0
김태근,까꿍 월곶p,3,0,2022-11-25 16:31:08,0
자매랑랑 (랑랑 자매),경기지역화폐라면 거대한 경기도 아무곳에서 통합적으로 사용할수있으면 좋을것같다는 생각이 듭니다. 그게 진정한 경기지역화폐아닐까요?,3,1,2022-12-29 16:44:42,0
OOO오빠야,어처구니 없네 폐업된 가게가 많은데 홈페이지에서 댓글도 못달고 좋아요 표시만 누르라는건 뭐여,3,2,2024-04-30 10:55:03,0
나준수,좋은하루되세요,3,0,2024-02-08 22:05:17,0
H KO,아 저 푸루새기 좀 없애든가 옮겨주세요ㅋㅋ아 내지갑누르다 자꾸 눌려요,3,0,2022-09-30 21:45:49,0
슈슝슝,예전에 바코드 있었던거 같은데 안보임. ui불편해요.. 가맹점신청이 카드사용보다 더 자주 사용되는건가..? 하아.. 실물카드를 매번 들고다니라는건지.. 아님 샅샅이 뒤져보고 써야했던건지 참ㅎ,3,1,2024-06-22 19:13:16,0
hitman9475이상철,잘 되다가 갑자기 이번달 신규충전하려니까 연결계좌의 일일 출금이체 한도를 초과하였습니다. 한도를 확인해주세요 라는 메시지가 나오며 충전이 안됩니다. 연결되어있는 계좌의 출금한도는 일 천만원으로 충분하고 사용한적도 없는데 말이죠. 업데이트와 함께 오류가 발생중인거 같으니 빨리 해결해주세요. 연결계좌는 농협입니다. 지역농협이에요,3,18,2024-02-01 21:06:32,0
Vladimir “Vladimirovich” Vladimirovich,"설정에서 화면테마 메뉴를 새로 만들고 ""다크모드""기능도 추가해주셨으면 합니다.",3,0,2024-03-08 09:30:06,0
정영철,페이 기능 좀 추가해주세요. 실물카드 들고다니기 귀찮아요!!,3,0,2023-11-09 18:37:24,0
Go Gi,결제 후 알림메세지가 올때 차감액뿐만 아니라 잔액도 같이 알려주면 좋겠어요,4,0,2023-02-17 15:52:34,1
오희숙,자유롭게 쓸수있어 편리해서좋습니다,4,1,2024-05-02 09:55:52,1
김순남,ㅣㄴ신,4,0,2023-08-23 10:30:35,1
최성순,충전금액 선공제가 유용함,4,0,2022-10-09 14:08:08,1
안병길,음성 노오눈ㄴㆍㄴ,4,0,2024-05-04 09:29:15,1
강승기,지역이 한정되어 여러곳에서 쓸수없는게 아쉽습니다 많은곳에서 사용 가능하게 가입점포가 늘어나도록 유도해주기 부탁합니다.,4,0,2023-11-01 08:07:13,1
김영찬,이 앱을 쓰고있는 초등학생입니다 제가 잘 몰를 수 있지만 돈이 들어오면 로그인을 해야 합니다 그래서 용돈이 들어오면 로그인을 해야되서 번거롭습니다. 이것 말곤 제가 느끼기엔 다 좋습니다,4,0,2023-09-02 19:29:39,1
손민혁,베트남인데 앱 접속이 안되요. 되게 해주세요,4,0,2023-06-01 20:49:09,1
박호철,편리함,4,0,2023-08-15 12:12:41,1
한성관,89al ⁷,4,0,2023-12-10 10:52:10,1
김영찬,이 앱을 쓰고있는 초등학생입니다 제가 잘 몰를 수 있지만 돈이 들어오면 로그인을 해야 합니다 그래서 용돈이 들어오면 로그인을 해야되서 번거롭습니다. 이것 말곤 제가 느끼기엔 다 좋습니다,4,0,2023-09-02 19:29:39,1
백선혜,사용하기 편해요,4,0,2024-03-18 09:14:56,1
김순남,ㅣㄴ신,4,0,2023-08-23 10:30:35,1
한동화,ㄴ느ㅡ,4,0,2023-03-07 11:17:28,1
서유리,모바일결재는 안될까요?,4,0,2023-04-24 13:01:30,1
박수정,지역경제에 도움이 되길 바라며~,4,0,2023-08-19 10:39:23,1
백선혜,사용하기 편해요,4,0,2024-03-18 09:14:56,1
손민혁,베트남인데 앱 접속이 안되요. 되게 해주세요,4,0,2023-06-01 20:49:09,1
또오치,선물하기가 없네요 서울에서 제로페이 사용하다 경기도로 이사온 후 경지기역화폐 설치했는데 제로페이는 선물하기가 있어 자주이용했는데 경기화폐는 본인이 출금하지못하는 계좌에 돈을 묶는 구조네요.. 개선이 필요해 보입니다.,4,0,2023-06-21 14:35:59,1
오희숙,자유롭게 쓸수있어 편리해서좋습니다,4,1,2024-05-02 09:55:52,1
평화,편리해서 좋은데삼십만원이상 사용시 삼만원 혜탁만 받을수 있는게 아쉽네요,4,0,2023-01-26 16:11:57,1
홍순원,잘 사용하고 있어요,4,0,2024-04-10 06:50:26,1
산수,"앱 사용과 관련해서 크게 불편한 점은 없네요. 가끔 오류가 뜨기는 하는데 크게 문제될 정도는 아니니 그러려니 합니다. 다만, 관련 예산이 축소된 탓인지 모르겠지만 가맹점 수가 많이 축소된 느낌이네요. 동네 마트에서 사용할 수 있던 게 안되니 은근히 불편하네요. 여기에 하소연 할 건 아니지만 가맹점 기준을 조금 더 완화 시켜 마트에서도 사용될 수 있게 해주면 좋겠습니다.",4,36,2023-04-15 10:10:33,1
유범열,ㅡ등,4,0,2024-07-26 15:18:54,1
이수정,더 많은 곳에서 사용하면 좋겠네요,4,0,2024-02-12 07:11:10,1
하용운,?. 0,4,0,2022-09-29 23:15:53,1
칠리맛양면감자,어플 내에서 가맹점 검색 가능하게 된 건 좋아요. 근데 지도가 터무니없는 위치로 뜨는 경우가 많아서 기능이 존재하지않을 때보다 괜히 더 헷갈립니다. 틀린 위치로 등록되어있으면 거리순으로 뜨는 기능도 아무 의미가 없습니다.,4,316,2024-04-21 18:24:37,1
강승기,지역이 한정되어 여러곳에서 쓸수없는게 아쉽습니다 많은곳에서 사용 가능하게 가입점포가 늘어나도록 유도해주기 부탁합니다.,4,0,2023-11-01 08:07:13,1
산수,"앱 사용과 관련해서 크게 불편한 점은 없네요. 가끔 오류가 뜨기는 하는데 크게 문제될 정도는 아니니 그러려니 합니다. 다만, 관련 예산이 축소된 탓인지 모르겠지만 가맹점 수가 많이 축소된 느낌이네요. 동네 마트에서 사용할 수 있던 게 안되니 은근히 불편하네요. 여기에 하소연 할 건 아니지만 가맹점 기준을 조금 더 완화 시켜 마트에서도 사용될 수 있게 해주면 좋겠습니다.",4,36,2023-04-15 10:10:33,1
강성중,카드 죄측은 경기 지역 화폐 우측은 과천화폐 과천토리로 되어 있는데 경기지역 사용이 안되더군요 금번 새로 발급 받것은 경기 지역도 가능 한지요,5,0,2023-04-10 13:20:02,1
박명수,지역에 도움이 되어서 좋아요,5,0,2023-02-15 01:07:19,1
난생처움인세상 (용궁도령),Geheueiejd,5,0,2024-04-20 14:10:17,1
세세마밍,혜택도 좋고 부천에서 사용하기 좋아요,5,0,2024-01-31 15:25:11,1
박수현,굿,5,0,2023-01-29 12:13:25,1
김관권,편리하게 사용할수 있어요.,5,0,2023-08-01 15:50:30,1
Sunshine,제한된곳이많아서불편함,5,0,2023-10-27 10:49:57,1
이동근,아주좋아요 ~~~~~^^,5,0,2023-11-09 14:54:46,1
김동민,한 5분 10분 사이에 또 잘 나오네요. 😒 ----- 현재 최신버전(453.001.00) 사용 중인데 앱 메인화면 최상단 카드 잔액 표시되는 부분이 이상하네요. 카드 신청하기 카드 등록하기 버튼이 나옵니다. 하단 내 지갑 버튼 눌러서 들어가보면 카드 잘 등록되어 있는데요.,5,0,2023-03-15 18:15:39,1
대한독립만세,사용학기 편리합니다,5,0,2023-08-09 10:41:59,1
김순자,편리하고 카드 보단 이익이 있는점,5,0,2024-05-02 14:52:20,1
김소연,너무 잘사용중입니다. 혜택이좋아요,5,0,2024-01-30 20:37:01,1
Jin Hwang,편하고 혜택이 신용카드 보다 좋아요.,5,0,2023-11-30 01:21:25,1
Jae Chun Eom,최고의 아이디어로 일반인 들에게 꼭 필요한 제도임 이 아이디어 제안자에게 끔찍한 포상을 반드시 주셔야 할 것입니다 정말 최고의 입니다 감사히 잘 사용하고 있습니다,5,2,2023-09-21 15:14:52,1
이영순,시민의 경제와 지역경제 활성화방안으로 사용해온 경기사랑 카드로인하여 가정경제에도 도움이 많이 되었고 용이하게 잘쓰고있으며 지속적으로 사용할수있기를 희망합니다.,5,1,2024-03-04 16:34:56,1
고길동,소득공제와 인센티브 그리고 소상공인에게 도움이 되니 좋아요 사용하기도 편해요,5,2,2023-01-02 10:26:10,1
다은아빠,삼성페이 등록하려는데금융기관의 서버에 연결할수없다는데 해결방안이 있나요,5,1,2023-08-10 10:33:30,1
정열적으로,갑자기 앱실행이 안되네요 대처방법 좀부탁드립니다,5,0,2023-05-10 19:23:08,1
김라영,😀 👍 😀 👍 😀 👍,5,0,2022-11-16 19:19:18,1
삼돌이,아주 만족입니다.,5,0,2024-01-31 11:38:46,1
정승재,좋아요,5,0,2023-04-09 19:08:07,1
김경준,굿이요~~잘쓰고 있습니다~,5,0,2023-08-16 15:22:06,1
이상미,보기 편하고 사용하기도 편해서 잘 사용하고 있습니다. 감사합니다.,5,0,2023-08-10 17:13:53,1
연세우유,🐳연세우유🐳,5,0,2023-04-14 14:08:56,1
Cho Myeongjin (Brown),배터리 소모가 심하시다면 걸음수 측정을 완전히 끄시면 됩니다. 앱개발사에서는 걸음수측정 로직을 재확인 해보시길 권해드립니다.,5,0,2024-08-03 01:12:30,1
봉종산,참좋음,5,0,2024-01-30 12:02:08,1
김일환,좋아요,5,0,2024-02-07 19:48:10,1
이경희,편리함,5,0,2024-06-20 10:07:51,1
남성이선규,감사합니다,5,0,2024-05-04 16:55:47,1
seokjoo Son,윤석렬이가 인센티브 혜택 축소하는거냐?,5,0,2023-02-26 21:13:28,1
현웅,성남시는 조회가 안되던데 경기지역화폐 지원을 안해서 그런가요?,5,0,2024-03-02 10:36:54,1
김우식,편리하게 사용가능,5,0,2023-02-24 14:46:23,1
김동춘,가맹점 많고 사용하기 편리하고 혜택도 많아 사용하기 좋아요~,5,0,2024-01-31 06:40:26,1
김정희,가족 주말 식사비로 아주 유용하게 사용하고 있습니다,5,0,2024-02-07 17:32:26,1
만취요괴,좋아요 영원히 사라지지 않았으면 좋겠어요,5,0,2023-07-27 12:14:36,1
모상보,좋아요,5,0,2023-03-18 10:02:20,1
BHK,잔액확인 편하게 위젯 좀 만들어주세요.,5,0,2023-03-20 01:58:08,1
최광용,쓸모 있어요.,5,0,2023-09-16 17:43:45,1
손승우,그냥 진짜로 최고 입니다,5,0,2023-02-26 11:56:27,1
박준,좋아요 편리해요,5,0,2023-02-23 13:00:24,1
장금식,만족합니다,5,0,2024-04-08 08:59:20,1
김정희,가족 주말 식사비로 아주 유용하게 사용하고 있습니다,5,0,2024-02-07 17:32:26,1
정다희,좋아요,5,0,2023-02-08 12:09:25,1
Bong Jo,쓰기편하게 잘만들었음.,5,0,2023-01-31 14:06:09,1
조선택,감사합니다,5,0,2024-03-10 12:34:49,1
정석재,경기도에 최적앱🍌,5,0,2024-07-02 06:58:11,1
김명수,ㆍㄹㅊㅅ드ㅡㅆㅁㅇ,5,0,2022-10-05 11:00:27,1
김영례,아주 요긴합니다,5,0,2023-08-09 20:24:29,1
Eungkoo Lee,최고입니다,5,0,2023-12-11 07:15:34,1
정충교,굿,5,0,2022-12-02 00:15:15,1
jaewook kim,굿 잘썼음,5,0,2023-02-15 17:39:31,1
김소연,너무 잘사용중입니다. 혜택이좋아요,5,0,2024-01-30 20:37:01,1
전준민,굿잡,5,0,2023-12-16 01:54:18,1
정승재,좋아요,5,0,2023-04-09 19:08:07,1
고재설,지출내용확인,5,0,2024-07-22 20:35:44,1
박준,좋아요 편리해요,5,0,2023-02-23 13:00:24,1
유황순,일단은혜택을받아서기분짱이지요 앞으로더혜택기대합니다,5,0,2023-08-02 07:14:47,1
Gunsoo Kang,좋아요 만족합니다.,5,0,2023-09-04 11:32:04,1
태봉노,지역 소상공인들께 큰 힘이 되도록 지역화폐 사용처를 활성화 시켜주셨으면 합니다.,5,0,2023-06-26 16:26:25,1
bb aa,혐오스러운 국민의힘 양주시장. 인센티브를 낮춰버렸네? 총선때 두고보자.,5,0,2023-11-05 15:56:27,1
연세우유,🐳연세우유🐳,5,0,2023-04-14 14:08:56,1
이동근,아주좋아요 ~~~~~^^,5,0,2023-11-09 14:54:46,1
Yoobin Kim,저는 지역화폐 쓴지는 4년 됩니다 화성에 살지만 안산 옆동네 살아서 안산가면 안산카드 동네에선 화성카드 2개 가지고 씁니다~그래서 인센티브 짭잡하게 몇백만원 받았어요~너무 좋아요 지역카드 꼭 쓰세요~복지예요,5,0,2024-01-30 20:44:01,1
김순자,편리하고 카드 보단 이익이 있는점,5,0,2024-05-02 14:52:20,1
안명희,살림하는 주부에겐 도움이 많이 됩니다,5,0,2024-06-04 10:20:40,1
이민우,나름 기관관련 어플 중에 문제없이 잘 사용합니다. 좋아요.,5,2,2022-11-09 23:04:30,1
박 Park신범 Shinbeom,좋아요~,5,0,2024-04-01 00:01:11,1
박준,좋아요 편리해요,5,0,2023-02-23 13:00:24,1
정승재,좋아요 굿앱입니다,5,0,2024-02-02 08:28:22,1
이상미,보기 편하고 사용하기도 편해서 잘 사용하고 있습니다. 감사합니다.,5,0,2023-08-10 17:13:53,1
김관권,편리하게 사용할수 있어요.,5,0,2023-08-01 15:50:30,1
이동근,아주좋아요 ~~~~~^^,5,0,2023-11-09 14:54:46,1
김정운,그동안지원금을 사용을 해봐서 디시마트 편의점 가게 문구 다이소 여러군대를 다니면서 쇼핑중독 처럼 갖고싶은것들 팔요한물건들을 사닌간 평화롭고 자유로운 시대였습니다,5,3,2022-12-11 19:30:03,1
tedd chang,고양시만 6프로에요ㅠ .. 그나마 7프로네요 8월부터 !! 지역차별하나요 암튼 잘되네요 어플깔끔. (이재명 돌아와~~~),5,0,2023-08-01 16:07:24,1
Jungmi Yang,널리 이용해야 할 앱~,5,0,2023-10-30 08:11:31,1
세만천,잘쓰고있는데요. 로그인 로그아웃기능이 없는게맞나요?. 가족꺼관리하는데 앱지웠다깔았다밖에 방법이없어보여서 불편합니다,5,0,2023-06-05 12:59:06,1
이정호,생활에 정말 필요한 카드입니다,5,1,2022-12-07 19:23:54,1
세세마밍,혜택도 좋고 부천에서 사용하기 좋아요,5,0,2024-01-31 15:25:11,1
이윤옥,간단해서 어르신들도 이용이 편합니다.,5,1,2023-08-19 17:05:10,1
원창희,편하게 충전하고 사용하지만 파주페이 사용 안되는 가맹점이 난무함. 병원과약국. 안되는곳 많음,5,1,2022-12-30 20:57:54,1
이정호,생활에 정말 필요한 카드입니다,5,1,2022-12-07 19:23:54,1
남성이선규,감사합니다,5,0,2024-05-04 16:55:47,1
박평규,최고,5,0,2023-07-21 10:05:59,1
정석재,경기도에 최적앱🍌,5,0,2024-07-02 06:58:11,1
남성이선규,감사합니다,5,0,2024-05-04 16:55:47,1
Hiedy토니맘,쓰기편해요.,5,0,2024-04-09 07:02:58,1
이윤옥,간단해서 어르신들도 이용이 편합니다.,5,1,2023-08-19 17:05:10,1
청운거사,너무 잘 사용하고 있으며 지자체 지원과 사용 가맹점이 더 확대되었으면 좋겠네요,5,1,2024-04-12 16:28:28,1
김동민,한 5분 10분 사이에 또 잘 나오네요. 😒 ----- 현재 최신버전(453.001.00) 사용 중인데 앱 메인화면 최상단 카드 잔액 표시되는 부분이 이상하네요. 카드 신청하기 카드 등록하기 버튼이 나옵니다. 하단 내 지갑 버튼 눌러서 들어가보면 카드 잘 등록되어 있는데요.,5,0,2023-03-15 18:15:39,1
강경석,매우유요압니다,5,0,2022-11-23 15:11:15,1
이선종,이용에 도움이 많이 됩니다,5,0,2024-01-30 19:22:31,1
유준상,편리함,5,0,2022-12-18 14:12:14,1
이병찬,모든 경기도 지역에서 쓸수있어서 좋은데요 시흥시 김포시 성남시 왜 없어요?,5,0,2023-01-30 09:52:39,1
김경준,굿이요~~잘쓰고 있습니다~,5,0,2023-08-16 15:22:06,1
태봉노,지역 소상공인들께 큰 힘이 되도록 지역화폐 사용처를 활성화 시켜주셨으면 합니다.,5,0,2023-06-26 16:26:25,1
Lee이영일,너무 편히 사용중입니다,5,0,2023-08-14 16:29:39,1
전준민,굿잡,5,0,2023-12-16 01:54:18,1
임남규,줗아요,5,0,2023-04-04 10:50:29,1
이현종,계속 사용하고 있는데 좋음..,5,0,2023-08-01 19:17:45,1
이명희,충전하기 좋아요~~,5,0,2024-05-03 10:43:06,1
천철희,인센티브 상향조정 감사합니다,5,0,2023-09-01 09:19:59,1
세세마밍,혜택도 좋고 부천에서 사용하기 좋아요,5,0,2024-01-31 15:25:11,1
김현덕,사용이 편하고 좋아요!...?,5,0,2023-02-05 09:08:13,1
김종우,10프로 희망합니다,5,0,2023-03-08 07:39:44,1
TV박희용,설명이 자세하고 알아듣기 좋아요,5,0,2024-02-18 06:59:07,1
행운이,그냥 좋음 ㅎ,5,0,2024-05-18 19:39:34,1
Twenty Song,혜택이 장난 아니네.,5,0,2024-05-28 18:01:35,1
bb aa,혐오스러운 국민의힘 양주시장. 인센티브를 낮춰버렸네? 총선때 두고보자.,5,0,2023-11-05 15:56:27,1
신기숙,편리하고 할인되는것 좋아요,5,0,2023-10-09 01:09:46,1
이민우,나름 기관관련 어플 중에 문제없이 잘 사용합니다. 좋아요.,5,2,2022-11-09 23:04:30,1
김영례,아주 요긴합니다,5,0,2023-08-09 20:24:29,1
이진권,글씨체 커서 아주좋아요ㆍ,5,0,2024-01-30 11:41:18,1
세세마밍,혜택도 좋고 부천에서 사용하기 좋아요,5,0,2024-01-31 15:25:11,1
Jae Chun Eom,최고의 아이디어로 일반인 들에게 꼭 필요한 제도임 이 아이디어 제안자에게 끔찍한 포상을 반드시 주셔야 할 것입니다 정말 최고의 입니다 감사히 잘 사용하고 있습니다,5,2,2023-09-21 15:14:52,1
대한독립만세,사용학기 편리합니다,5,0,2023-08-09 10:41:59,1
Z Z,유용해요,5,0,2023-08-19 14:42:45,1
iparkjh,아주 아주 좋아요,5,0,2024-05-03 16:32:02,1
청아인,몆년동안 지역카드 사용중인데요 올해 업그래드 되서 사용하는데 얼마나 유용하게 사용하는지 넘넘 좋읍니다.,5,0,2024-02-10 07:31:09,1
장옥련,가맹점이 많아 사용하기 편하며 분실시에도 서비스가좋아 재발행되었고 편합니다,5,1,2023-08-07 13:23:20,1
김성우,굿~ 좋아요!,5,0,2024-02-03 22:45:58,1
박 Park신범 Shinbeom,좋아요~,5,0,2024-04-01 00:01:11,1
류연수,환불 어떻게하나요,5,0,2024-02-17 21:00:08,1
정석재,경기도에 최적앱🍌,5,0,2024-07-02 06:58:11,1
